scenario_id,decision
ADSTAND-SOCIAL-TESTIMONIAL-001,
ADV-ADSTAND-SOCIAL-TESTIMONIAL-001-AMBIGUOUS-001,
ADV-CASL-EMAIL-CEM-001-AMBIGUOUS-001,
ADV-CASL-EMAIL-CEM-001-INCOMPLETE-001,
ADV-CASL-EMAIL-TRANSACTIONAL-002-AMBIGUOUS-001,
ADV-CASL-EMAIL-UNSUB-003-AMBIGUOUS-001,
ADV-CASL-EMAIL-UNSUB-003-INCOMPLETE-001,
ADV-CRTC-SMS-DNCL-001-AMBIGUOUS-001,
ADV-PIPEDA-WEB-PI-007-AMBIGUOUS-001,
ADV-QL25-LANDING-CONSENT-001-AMBIGUOUS-001,
CASL-EMAIL-CEM-001,
CASL-EMAIL-TRANSACTIONAL-002,
CASL-EMAIL-UNSUB-003,
CRTC-SMS-DNCL-001,
PIPEDA-WEB-PI-007,
QL25-LANDING-CONSENT-001,
